Index,ARD,CCP,CON,CNT,HTP,LCP,LTC,LTY,PCH,YNP,BUN,ILV,RMS,BRJ,CZT,PCP,RQN
1980-01-01,36.097,20.97,128.769,5.032,54.55,16.5,0.67,14.74,1.684,58.581,10.622,NA,NA,NA,NA,NA,NA
1980-02-01,90.552,22.15,142.286,4.083,58.03,11.2,0.457,21.64,1.652,62.162,4.974,NA,NA,NA,NA,NA,NA
1980-03-01,93.903,35.66,129.477,13.85,193.3,17.61,4.435,42.99,7.882,48.506,25.983,NA,NA,NA,NA,NA,NA
1980-04-01,148.267,22.59,129.982,4.373,86,14.21,0.552,10.55,5.665,43.373,1.893,NA,NA,NA,NA,NA,NA
1980-05-01,60.29,16.3,72.219,0.521,41.25,2.08,0.769,2.278,2.036,16.418,0.075,NA,NA,NA,NA,NA,NA
1980-06-01,52.667,14.71,64.729,NA,32.55,1.33,0.819,1.081,1.343,13.133,0.082,NA,NA,NA,NA,NA,NA
1980-07-01,47.452,9.852,50.678,NA,30.05,1.1,0.842,0.563,1.772,11.181,0.146,NA,NA,NA,NA,NA,NA
1980-08-01,25.71,8.185,54.079,NA,26.99,0.88,0.6,0.55,0.673,10.055,0.055,NA,NA,NA,NA,NA,NA
1980-09-01,23.233,7.287,72.386,3.863,28.63,0.84,0.488,0.593,0.423,11.622,1.203,NA,NA,NA,NA,NA,NA
1980-10-01,33.419,8.446,108.728,2.41,26.75,4.56,0.371,4.808,8.149,26.335,0.125,NA,NA,NA,NA,NA,NA
1980-11-01,28.2,10.15,138.923,1.54,30.62,2.74,0.299,1.49,3.574,26.283,0.075,NA,NA,NA,NA,NA,NA
1980-12-01,46.516,6.277,238.559,3.458,29.13,9.18,0.215,13.91,3.731,49.339,0.567,NA,NA,NA,NA,NA,NA
1981-01-01,42.065,28.03,159.377,5.143,81.85,15.04,0.388,31.86,0.985,47.339,3.961,NA,167.9248387,NA,NA,NA,NA
1981-02-01,59.679,214.6,477.124,33,458,80.07,7.356,102.4,10.42,187.357,50.22,NA,275.4114286,NA,NA,NA,NA
1981-03-01,277.129,56.3,394.021,26.56,124.9,66.39,4.083,61.48,10.87,232.484,27.89,NA,329.0390323,NA,NA,NA,NA
1981-04-01,105.567,31.93,177.721,9.113,54.14,12.62,0.685,29.66,11.91,54.533,15.67,NA,153.5083333,NA,NA,NA,NA
1981-05-01,61.129,10.38,86.748,0.821,34.62,1.69,0.68,4.052,2.177,23.36,0.71,NA,41.05709677,NA,NA,NA,NA
1981-06-01,45.3,9.389,66.863,NA,27.69,1.07,0.833,1.205,4.702,17.208,0.425,NA,16.543,NA,NA,NA,NA
1981-07-01,34.452,8.835,54.731,NA,26.9,1.14,0.791,0.918,2.071,14.977,0.316,NA,8.405806452,NA,NA,NA,NA
1981-08-01,18.71,11.69,47.592,NA,24.15,1.2,0.674,0.772,0.912,16.661,0.293,NA,4.810322581,NA,NA,NA,NA
1981-09-01,17.667,9.343,44.421,4.493,21.36,1.06,0.558,1.531,0.384,16.405,0.155,NA,2.855333333,NA,NA,NA,NA
1981-10-01,19.065,6.406,89.582,3.587,19.58,2.28,0.327,2.506,2.155,20.119,0.191,NA,3.499354839,NA,NA,NA,NA
1981-11-01,11.5,6.274,171.013,4.147,20.03,4.42,0.311,6.865,1.712,26.984,0.247,NA,11.31133333,NA,NA,NA,NA
1981-12-01,29.097,10.32,195.027,6.852,27.24,13.07,1.053,29.06,3.968,47.403,13.605,NA,58.30322581,NA,NA,NA,NA
1982-01-01,39.032,114.2,175.777,10.77,165.4,16.52,1.407,36.06,1.213,89.323,18.696,NA,275.2596774,NA,NA,NA,NA
1982-02-01,54.179,31.52,350.225,31.62,86.22,104.29,2.459,91.06,2.634,119.357,74.546,NA,136.8035714,NA,NA,NA,NA
1982-03-01,58.452,39.14,190.043,25.02,88.03,32.89,1.231,58.79,2.576,67.113,17.417,NA,187.15,NA,NA,NA,NA
1982-04-01,76.067,30.2,192.777,8.25,69.83,15.89,0.753,16.72,5.762,43.607,14.263,NA,146.8186667,NA,NA,NA,NA
1982-05-01,41.774,16.13,97.735,0.929,36.15,3.96,0.608,3.427,2.563,22.023,1.673,NA,43.90322581,NA,NA,NA,NA
1982-06-01,33.133,9.968,65.463,0.563,34.04,2.51,0.855,1.913,1.841,16.595,0.809,NA,18.30133333,NA,NA,NA,NA
1982-07-01,32.968,8.525,48.873,NA,30.33,2.08,0.743,1.532,2.071,12.916,0.584,NA,9.170645161,NA,NA,NA,NA
1982-08-01,23.323,8.127,43.039,NA,25.7,1.31,0.594,1.242,0.912,12.561,0.323,NA,5.700322581,NA,NA,NA,NA
1982-09-01,16,8.267,48.686,4.613,26.09,1.18,0.418,1.576,0.759,13.567,0.434,NA,4.29,NA,NA,NA,NA
1982-10-01,27.774,10.56,107.125,5.158,33.88,3.6,0.289,4.111,2.294,20.294,1.057,NA,23.98709677,NA,NA,NA,NA
1982-11-01,41.7,13.78,181.831,8.64,56.73,12.73,0.342,12.69,1.565,39.525,4.864,NA,77.108,NA,NA,NA,NA
1982-12-01,179.323,10.32,257.065,2.923,48.1,9.11,0.282,6.341,5.121,87.774,3.078,NA,57.50193548,NA,NA,NA,NA
1983-01-01,750.258,9.063,341.401,5.474,17.41,11.4,0.22,13.1,12.76,101.871,5.128,NA,66.9216129,NA,NA,NA,NA
1983-02-01,753.571,11.33,202.609,1.807,19.01,6.77,0.202,6.966,16.84,33.143,4.646,NA,99.735,NA,NA,NA,NA
1983-03-01,1064.74,14.53,386.129,9.629,15.98,37.71,0.492,59.72,42.2,125.387,12.515,NA,61.65483871,NA,NA,NA,NA
1983-04-01,1417.27,12.08,330.833,12.22,17.82,58.41,0.208,102,43.59,106.533,10.651,NA,18.977,NA,NA,NA,NA
1983-05-01,928.161,8.698,153.501,1.026,14.42,9.99,0.292,3.364,36.65,25.161,0.722,NA,11.91516129,NA,NA,NA,NA
1983-06-01,602.8,8.146,89.474,0.985,13.21,5.19,0.513,0.895,8.017,17.542,0.292,NA,8.283666667,NA,NA,NA,NA
1983-07-01,168.194,7.38,63.765,NA,12.22,4.46,0.587,1.018,4.414,16.037,0.133,NA,5.863225806,NA,NA,NA,NA
1983-08-01,86.903,7.114,53.362,NA,11.86,4.57,0.426,0.7,2.176,16.265,0.071,NA,4.997096774,NA,NA,NA,NA
1983-09-01,74.833,5.765,53.962,4.37,11.01,4.58,0.345,0.62,2.356,17.167,0.116,NA,4.320666667,NA,NA,NA,NA
1983-10-01,109.161,4.135,70.463,6.56,10.2,4.37,0.173,1.091,5.143,17.473,0.049,NA,4.451935484,NA,NA,NA,NA
1983-11-01,60.867,3.683,94.293,9.535,9.808,4.79,0.119,0.759,2.306,23.1,0.031,NA,2.515666667,NA,NA,NA,NA
1983-12-01,74.194,5.602,176.884,10.651,9.637,20.95,0.186,7.756,3.162,37.597,5.027,NA,9.35,NA,NA,NA,NA
1984-01-01,91.032,77.21,137.385,11.34,81.99,45.2,2.29,57.23,1.582,43.613,11.596,NA,154.0683871,NA,NA,NA,NA
1984-02-01,434.862,276.3,711.045,100.1,510,180.31,15.72,333,24.92,246.483,77.55,NA,369.1268966,NA,NA,NA,NA
1984-03-01,716.742,266.1,599.959,23.019,308.4,104.34,5.904,144.1,20.7,177.581,20.593,NA,216.4032258,NA,NA,NA,NA
1984-04-01,462.333,63.66,346.448,18.85,115.5,37.82,1.789,36.75,7.288,85.667,10.929,NA,132.44,NA,NA,NA,NA
1984-05-01,180.71,17.23,171.345,3.039,67.81,9.25,1.203,9.766,4.793,38.871,2.686,NA,47.41935484,NA,NA,NA,NA
1984-06-01,164.4,11.11,93.496,1.407,40,5.47,1.588,4.143,6.783,21.3,1.602,NA,12.45,NA,NA,NA,NA
1984-07-01,128.065,9.661,58.628,0.552,24.84,3.51,1.841,2.175,3.269,19.687,0.847,NA,5.388387097,NA,NA,NA,NA
1984-08-01,81.194,7.883,45.04,NA,18.28,2.92,1.352,1.395,2.247,17.129,0.512,NA,3.434193548,NA,NA,NA,NA
1984-09-01,49.9,6.722,45.136,4.127,15.17,3.14,0.75,1.113,1.098,18.65,0.314,NA,1.017,NA,NA,NA,NA
1984-10-01,68.548,6.451,106.675,7.963,NA,7.55,0.381,12.69,5.655,21.435,6.962,NA,0.900967742,NA,NA,NA,NA
1984-11-01,52,25.76,78.79,10.43,37.93,12.55,0.589,14.51,1.931,19.833,2.923,NA,46.677,NA,NA,NA,NA
1984-12-01,86.839,10.32,144.012,18.38,NA,44.11,0.406,34.85,3.382,31.435,9.374,NA,148.6309677,NA,NA,NA,NA
1985-01-01,99.452,103.605,142.46,6.581,264.2,14.19,0.424,85.165,2.503,32.016,4.309,NA,235.116129,NA,NA,NA,NA
1985-02-01,82.714,209.2,158.507,81.538,257,52.48,16.509,79.31,5.722,38.661,54.681,NA,201.8757143,NA,NA,NA,NA
1985-03-01,101.129,199.95,172.452,36.41,260,57.69,9.512,81.08,8.325,71.468,27.16,NA,152.66,NA,NA,NA,NA
1985-04-01,69.567,52.02,174.484,28.03,198.6,48.35,4.521,51.68,2.151,60.05,17.204,NA,201.45,NA,NA,NA,NA
1985-05-01,61.452,21.095,83.499,3.484,111.5,7.74,1.539,12.23,5.704,29.21,4.159,NA,83.67419355,NA,NA,NA,NA
1985-06-01,64.933,16.58,46.653,1.564,86.43,5.24,1.666,5.644,2.19,18.545,4.417,NA,33.56133333,NA,NA,NA,NA
1985-07-01,39.774,13.246,35.255,0.846,71.23,4.02,1.293,2.115,0.704,15.294,1.267,NA,6.371290323,NA,NA,NA,NA
1985-08-01,41.452,9.722,34.401,0.754,57.48,3.26,0.713,1.941,1.769,14.652,0.657,NA,3.062258065,NA,NA,NA,NA
1985-09-01,25.033,7.794,52.218,3.853,50.97,2.61,0.482,1.541,2.345,17.295,0.501,NA,8.193333333,NA,NA,NA,NA
1985-10-01,29.065,7.075,53.213,3.802,39.84,2.64,0.45,3.591,3.906,20.677,0.446,NA,4.799354839,NA,NA,NA,NA
1985-11-01,18.267,8.731,62.725,2.132,NA,2.97,0.557,5.583,0.263,20.541,0.907,NA,153.3136667,NA,NA,NA,NA
1985-12-01,35.548,7.961,89.844,4.491,NA,17.63,0.836,31.7,1.871,23.714,3.921,NA,112.2745161,NA,NA,NA,NA
1986-01-01,65.806,130,174.276,45.812,NA,79.68,5.588,113.1,5.568,62.798,29.752,NA,311.3741935,NA,NA,NA,NA
1986-02-01,135.75,142.1,165.605,62.977,NA,75.87,9.747,179.4,2.318,51.364,48.675,NA,308.095,4074.51851851852,NA,NA,NA
1986-03-01,107.258,133.8,198.153,40.409,NA,82.66,6.44,90.23,2.723,84.955,32.892,NA,383.063871,4514.29032258064,NA,NA,NA
1986-04-01,137.867,40.38,269.232,19.026,NA,44.85,2.389,49.68,11.48,77.417,15.933,NA,209,7324.43333333333,NA,NA,NA
1986-05-01,83.581,24.96,105.856,6.528,NA,11.23,1.195,18.16,4.327,39.194,4.885,NA,37.52903226,6653.77419354839,NA,NA,NA
1986-06-01,41.267,22.05,54.588,1.957,NA,4.44,1.603,7.348,0.845,18.817,2.241,NA,33.92,4334.03333333333,NA,NA,NA
1986-07-01,45.355,16.83,40.769,1.041,NA,2.8,1.484,3.289,0.789,14.581,1.651,NA,11.51354839,4170.29032258064,NA,NA,NA
1986-08-01,26.484,11.56,38.222,0.908,NA,2.27,1.287,3.132,1.44,12.387,0.951,NA,13.01870968,3396.25806451613,NA,NA,NA
1986-09-01,27.867,8.866,39.742,5.05,NA,2.7,0.587,2.883,0.412,18.25,0.711,NA,9.286666667,4450.13333333333,NA,NA,NA
1986-10-01,22.032,7.698,57.006,5.53,NA,1.99,0.629,3.866,0.96,17.919,0.569,NA,13.94419355,4365.64516129032,NA,NA,NA
1986-11-01,28.233,14.722,82.959,4.403,NA,2.54,0.829,7.165,3.438,20.067,0.586,NA,15.30666667,3955.2,NA,NA,NA
1986-12-01,42.968,7.961,131.621,9.152,NA,18.92,1.187,28.55,4.933,24.226,9.235,NA,16.24,4777.58064516129,NA,NA,NA
1987-01-01,83.419,NA,301.586,46.53,NA,81.27,8.349,107.8,9.525,156.806,30.459,NA,235.4958065,6482.87096774194,NA,NA,NA
1987-02-01,213.643,NA,292.714,34.089,NA,54.33,3.005,52.82,11.5,188.75,23.943,NA,146.5907143,8014.32142857143,NA,NA,NA
1987-03-01,374,NA,215.41,8.15,NA,22.68,1.038,22.07,10.62,129.935,4.413,NA,91.02935484,5769.58064516129,NA,NA,NA
1987-04-01,259,NA,159.067,1.977,NA,6.1,1.077,8.008,3.338,33.65,1.557,NA,57.868,6345.06666666667,NA,NA,NA
1987-05-01,184,NA,113.706,0.808,NA,3.82,1.338,1.821,2.613,17.181,0.74,NA,32.28258065,5628.12903225806,NA,NA,NA
1987-06-01,74.5,NA,55.173,0.35,NA,2.71,1.335,2.184,0.375,13.67,0.579,NA,11.90966667,5447.3,NA,NA,NA
1987-07-01,69.258,NA,46.301,0.185,NA,2.16,1.023,1.299,1.024,12.065,0.662,NA,13.57354839,5582.03225806452,NA,NA,NA
1987-08-01,39.258,NA,41.365,0.6,NA,2.09,0.857,0.784,0.863,11.032,0.359,NA,12.43129032,4783.45161290323,NA,NA,NA
1987-09-01,32.4,NA,48.877,2.669,NA,1.82,0.524,1.08,0.313,14.975,0.318,NA,14.05066667,3680.13333333333,NA,NA,NA
1987-10-01,28.548,NA,62.397,4.535,NA,1.85,0.4,2.36,0.687,18.961,0.328,NA,14.42387097,3921.58064516129,NA,NA,NA
1987-11-01,17.8,NA,114.259,3.577,NA,3.4,0.653,4.667,0.591,25.591,0.238,NA,47.49166667,3127.4,NA,NA,NA
1987-12-01,30.032,NA,173.577,0.781,NA,7.02,0.587,8.469,1.449,29.929,1.036,NA,61.27935484,4313.93548387097,NA,NA,NA
1988-01-01,52.452,NA,254.418,12.682,NA,24.04,3.074,44.8,3.686,43.281,13.496,NA,93.82258065,5079.70967741936,NA,NA,NA
1988-02-01,123.021,NA,314.396,22.144,NA,53.95,2.408,108.1,5.694,187.345,30.722,NA,163.812069,7855.13793103448,NA,NA,NA
1988-03-01,79.742,NA,191.027,9.705,NA,21.54,1.508,53.04,4.487,61.677,13.262,NA,270.733871,4406.93548387097,NA,NA,NA
1988-04-01,102.783,NA,243.248,7.434,NA,23.4,0.858,52.01,7.435,57.267,10.157,NA,300.33,7206.66666666667,NA,NA,NA
1988-05-01,51.029,NA,124.017,3.126,NA,7.61,0.726,14.1,3.166,36.575,5.267,NA,63.54096774,6478.06451612903,NA,NA,NA
1988-06-01,23.633,NA,62.162,0.444,NA,2.35,0.822,5.306,0.556,16.748,1.159,NA,32.62866667,3729.4,NA,NA,NA
1988-07-01,29.41,NA,46.133,0,NA,1.5,0.782,1.98,0.258,12.052,0.717,NA,17.24290323,3571.77419354839,NA,NA,NA
1988-08-01,10.806,NA,41.389,0.011,NA,1.65,0.556,0.923,0.214,13.703,0.496,NA,18.78870968,2385.29032258065,NA,NA,NA
1988-09-01,8.44,NA,48.476,3.957,NA,1.35,0.447,1.016,0.384,17.147,0.509,NA,15.79166667,2567.16666666667,NA,NA,NA
1988-10-01,17.542,NA,61.813,3.603,NA,1.77,0.297,1.658,1.552,19.658,0.58,NA,12.49387097,3778.38709677419,NA,NA,NA
1988-11-01,18.813,NA,85.661,2.651,NA,2.55,0.236,3.912,2.369,17.02,0.086,NA,12.24833333,3938.36666666667,NA,NA,NA
1988-12-01,18.371,NA,87.796,2.262,NA,10.54,0.399,13.53,0.583,28.676,7.828,NA,14.08774194,3595.83870967742,NA,NA,NA
1989-01-01,108.087,NA,203.241,15.97,NA,65.52,0.82,109.8,4.722,78.252,31.789,NA,122.9451613,5904.25806451613,NA,NA,NA
1989-02-01,305.184,NA,339.423,68.049,NA,116.57,9.153,102.5,14.36,109.739,86.427,NA,168.15,6398.32142857143,NA,NA,NA
1989-03-01,422.454,NA,345.226,57.145,NA,124.71,2.026,74.29,15.33,134.955,52.814,NA,230.8516129,7729.58064516129,NA,NA,NA
1989-04-01,307.33,NA,312.688,24.698,NA,41.66,4.005,58.55,11.8,137.503,21.942,NA,140.5633333,6532.83333333333,NA,NA,NA
1989-05-01,133.699,NA,106.014,2.469,NA,6.7,1.058,12.48,2.485,44.461,3.266,NA,91.94193548,6561.87096774194,NA,NA,NA
1989-06-01,92.785,NA,61.294,1.125,NA,3.83,1.149,8.675,3.96,24.73,2.286,NA,80.15666667,6742.8,NA,NA,NA
1989-07-01,58.766,NA,39.876,0.895,NA,2.48,0.976,1.553,1.08,17.426,1.465,NA,62.00967742,4940.58064516129,NA,NA,NA
1989-08-01,33.303,NA,33.78,0.408,NA,1.91,0.816,1.928,NA,14.795,0.881,NA,50.86774194,3279.90322580645,NA,NA,NA
1989-09-01,25.386,NA,37.449,4.026,NA,1.75,0.665,2.055,0.763,13.702,0.527,NA,46.69666667,3396.8,NA,NA,NA
1989-10-01,47.79,NA,100.527,6.27,NA,3.38,0.372,4.399,1.205,15.084,0.712,NA,21.36774194,5717.1935483871,NA,NA,NA
1989-11-01,20.216,NA,90.54,4.097,NA,5.74,0.313,3.962,0.314,17.51,1.343,NA,14.94333333,3581.43333333333,NA,NA,NA
1989-12-01,8.513,NA,67.335,1.564,NA,3.93,0.33,5.272,0.162,22.371,0.141,NA,23.81612903,2080.77419354839,NA,NA,NA
1990-01-01,39.539,NA,133.239,4.591,NA,13.76,0.296,16.07,1.908,26.584,2.127,NA,91.65870968,4611.03225806452,NA,NA,NA
1990-02-01,86.682,NA,131.262,0.751,NA,6.49,0.313,32.08,5.069,30.041,0.896,NA,69.725,5905.92857142857,NA,NA,NA
1990-03-01,95.803,NA,116.596,7.714,NA,25.24,1.721,57.25,7.82,64.774,8.467,NA,86.23774194,6088.32258064516,NA,NA,NA
1990-04-01,140.972,NA,88.703,0.327,NA,6.34,0.38,7.884,4.569,34.813,0.408,NA,41.485,5193,NA,NA,NA
1990-05-01,86.47,NA,52.025,0.273,NA,2.15,0.455,1.935,1.976,18.939,0.304,NA,15.42709677,4893.70967741936,NA,NA,NA
1990-06-01,83.873,NA,47.963,0.257,NA,1.69,0.669,1.268,5.081,12.14,0.382,NA,20.46166667,8028.7,NA,NA,NA
1990-07-01,41.928,NA,38.808,0.132,NA,1.11,0.641,1.126,2.627,10.235,0.143,NA,NA,6087.54838709677,NA,NA,NA
1990-08-01,25.724,NA,38.355,0,NA,0.92,0.438,0.746,0.236,9.242,0.101,NA,10.46193548,3286.96774193548,NA,NA,NA
1990-09-01,15.162,NA,37.772,0,NA,1.01,0.281,0.554,0.315,9.367,0.085,NA,18.49833333,3418.96666666667,NA,NA,NA
1990-10-01,11.201,NA,84.716,0,NA,1.01,0.279,0.792,4.078,29.935,0.123,NA,14.86548387,3377.29032258065,NA,NA,NA
1990-11-01,20.139,NA,143.373,1.411,NA,10.31,0.226,11.51,3.297,43.5,5.382,NA,72.273,5201.66666666667,NA,NA,NA
1990-12-01,33.864,NA,114.298,4.033,NA,17.07,2.031,14.16,2.105,20.097,15.539,NA,49.23677419,5291.67741935484,NA,NA,NA
1991-01-01,33.378,NA,120.504,6.663,NA,26.52,8.179,22.22,1.249,41.661,16.26,NA,111.5809677,4055.16129032258,NA,NA,NA
1991-02-01,91.27,NA,143.836,14.322,NA,28.49,0.948,38.38,5.933,78.107,21.745,NA,88.6075,5198.07142857143,NA,NA,NA
1991-03-01,227.636,NA,353.973,35.607,NA,67.86,3.485,77.41,5.88,120.161,89.518,NA,85.49096774,7049.12903225806,NA,NA,NA
1991-04-01,123.765,NA,134.748,3.818,NA,14.67,0.807,20.16,2.411,54.5,9.878,NA,80.24633333,5685.1,NA,NA,NA
1991-05-01,78.181,NA,89.978,1.986,NA,7.17,0.851,11.2,1.51,35.387,2.481,NA,34.45322581,5848.77419354839,NA,NA,NA
1991-06-01,48.032,NA,49.224,0.347,NA,3.77,0.969,1.961,0.606,20.333,0.789,NA,16.47866667,5097.53333333333,NA,NA,NA
1991-07-01,44.579,NA,38.796,0.007,NA,2.3,0.892,1.421,0.223,16.084,0.563,NA,12.60774194,5585.51612903226,NA,NA,NA
1991-08-01,30.242,NA,38.557,0,NA,1.4,0.76,0.936,0.115,10.968,0.396,NA,12.23548387,2724.74193548387,NA,NA,NA
1991-09-01,19.213,NA,39.335,2.224,NA,1.91,0.574,2.421,0.161,8.967,0.32,262.405,10.489,2991.26666666667,NA,NA,NA
1991-10-01,16.502,NA,54.195,4.625,NA,2.4,0.452,5.877,0.285,13.597,0.507,221.445,7.942580645,NA,NA,NA,NA
1991-11-01,25.154,NA,61.608,0.905,NA,5.64,0.389,9.638,0.478,14.983,0.489,226.152,9.140333333,NA,NA,NA,NA
1991-12-01,16.801,NA,85.251,0.154,NA,5.65,0.434,7.032,0.513,14.452,0.435,259.709,23.9183871,NA,NA,NA,NA
1992-01-01,25.762,NA,92.148,2.336,NA,27.6,0.461,14.07,2.545,31.694,1.353,1242.44,152.9509677,3905.16129032258,NA,NA,NA
1992-02-01,80.899,NA,76.18,0.929,NA,6.11,0.318,7.691,2.637,17.586,0.526,NA,126.6989655,2861.48275862069,NA,NA,NA
1992-03-01,471.476,NA,131.175,4.052,NA,80.43,0.273,14.27,9.943,66.935,0.88,432.214,110.5064516,5908.22580645161,NA,NA,NA
1992-04-01,869.252,NA,108.765,1.323,NA,11.05,0.346,5.948,11.93,40.5,0.418,178.758,37.35066667,5289.53333333333,NA,NA,NA
1992-05-01,212.328,NA,59.129,0,NA,2.61,0.453,0.814,1.532,14.984,0.097,138.518,10.80677419,3820.51612903226,NA,NA,NA
1992-06-01,98.457,NA,38.497,0,NA,1.31,0.545,0.915,1.989,12.283,0.076,129.374,4.663103448,5757.53333333333,NA,NA,NA
1992-07-01,45.96,NA,30.504,0,NA,0.92,0.543,0.857,0.771,11.129,0.088,126.056,7.846774194,4972.70967741936,NA,NA,NA
1992-08-01,24.492,NA,29.687,0,NA,0.83,0.377,1.553,0.484,11.281,0.093,152.353,8.121935484,3642.8064516129,NA,NA,NA
1992-09-01,20.062,NA,29.249,0,NA,0.64,0.33,0.741,0.707,10.5,0.093,116.437,8.062666667,4146.96666666667,NA,NA,NA
1992-10-01,9.894,NA,48.145,0,NA,2.51,0.277,1.437,1.061,14.146,0.092,128.114,6.978387097,4003.70967741935,NA,NA,NA
1992-11-01,15.741,NA,47.573,1.031,NA,1.34,0.356,0.822,0.75,16.6,0.092,140.784,9.095666667,3209.76666666667,NA,NA,NA
1992-12-01,27.591,NA,60.064,0,NA,4.4,2.666,1.036,1.35,17.958,0.312,214.382,32.75258065,2563.4967749811,NA,NA,NA
1993-01-01,36.44,NA,105.059,4.929,NA,3.12,11.099,23.97,NA,26.129,16.268,1821.736,130.7967742,3899.67741935484,NA,NA,NA
1993-02-01,150.918,NA,324.371,19.193,NA,68.51,2.346,50.71,NA,91.107,25.382,725.234,143.4214286,5967.96428571429,NA,NA,NA
1993-03-01,685.372,NA,740.335,35.226,NA,89.89,4.735,64.21,NA,134.968,32.341,1826.298,158.8016129,8155.70967741936,NA,NA,NA
1993-04-01,561.034,NA,616.425,11.715,NA,34.91,0.666,48.65,NA,144.433,11.016,673.585,109.6066667,7776.9,NA,NA,NA
1993-05-01,168.683,NA,170.269,2.333,NA,30.87,0.811,11.58,NA,51.484,2.214,278.959,53.20548387,4941.06451612903,NA,NA,NA
1993-06-01,98.495,NA,62.003,0.362,NA,7.04,0.923,2.212,NA,18.767,0.248,133.686,15.898,5737.43333333333,NA,NA,NA
1993-07-01,74.298,NA,43.807,0,NA,3.01,0.852,0.724,NA,14.129,0.176,195.970829372376,10.83258065,4907.74193548387,NA,NA,NA
1993-08-01,40.957,NA,38.807,0.875,NA,1.06,0.806,0.322,NA,13.565,0.422,321.295096049102,9.510967742,4623.06451612903,NA,NA,NA
1993-09-01,28.356,NA,57.645,3.44,NA,0.67,0.433,2.967,NA,13.05,0.362,210.516050110327,5.571,4014.16666666667,NA,NA,NA
1993-10-01,35.469,NA,96.195,3.068,NA,2.79,0.423,3.516,NA,15.242,0.606,301.12647439606,12.49032258,5115.32258064516,NA,NA,NA
1993-11-01,36.535,NA,202.907,4.502,NA,16.9,0.403,18.18,NA,25.233,1.655,356.292226332316,68.83233333,5672.9,NA,NA,NA
1993-12-01,81.765,NA,275.851,13.276,NA,35.04,0.693,44.49,NA,38.258,4.784,899.870257544055,121.1087097,5363.38709677419,NA,NA,NA
1994-01-01,151.546,NA,369.102,28.524,NA,91.71,2.332,45.24,NA,56.097,32.835,1711.79109384317,214.4290323,4786.83870967742,NA,NA,NA
1994-02-01,384.755,NA,471.795,65.481,NA,135.5,20.09,173,NA,136.071,64.775,5099.77988302984,273.1571429,6732.85714285714,NA,NA,NA
1994-03-01,329.637,NA,391.206,27.948,NA,166,1.321,93.79,NA,112.274,33.212,1272.75160559658,167.483871,6316,NA,NA,NA
1994-04-01,372.377,NA,262.47,16.086,NA,63.5,1.944,32.91,NA,87.033,21.048,1054.03017456694,161.6666667,8510,NA,NA,NA
1994-05-01,139.486,NA,50.03,6.991,NA,25.52,0.994,14.48,7.962,33.484,6.699,537.701399855708,71.98064516,7769.48387096774,NA,NA,NA
1994-06-01,110.147,NA,44.923,1.461,NA,7.55,1.071,7.027,4.414,21.567,1.796,258.92715810259,25.25133333,7420.96666666667,NA,NA,NA
1994-07-01,76.426,NA,48.028,1.761,NA,5.42,1.13,2.861,1.999,19.032,1.456,236.652286763586,16.81064516,5423,NA,NA,NA
1994-08-01,61.604,NA,40.63,4.652,NA,4.13,0.779,1.603,0.856,19.161,0.75,225.843846449453,11.29322581,3676.09677419355,NA,NA,NA
1994-09-01,57.06,NA,45.468,4.633,NA,3.92,0.59,3.35,1.253,19.067,0.631,227.299119686499,9.646,3834.06666666667,NA,NA,NA
1994-10-01,47.23,NA,44.602,3.597,NA,5.35,0.462,4.994,1.244,20.339,1.12,182.878036808745,8.991290323,3461.87096774194,NA,NA,NA
1994-11-01,40.394,NA,70.605,2.439,NA,6.51,0.424,2.877,2.267,22.133,0.237,216.125974526366,16.54,4772.8,NA,NA,NA
1994-12-01,59.102,NA,103.154,2.565,NA,8.19,0.55,4.742,4.115,27.661,0.149,489.9590154784,52.6516129,4927.38709677419,NA,NA,NA
1995-01-01,59.7,NA,141.888,7.367,NA,12.75,3.063,29.7,7.329,43.645,12.442,734.752006125565,113.0645161,4046.35483870968,NA,NA,NA
1995-02-01,84.78,NA,151.905,4.841,NA,30.15,0.371,79.36,8.017,53.321,2.968,771.633854804661,81.26785714,2768.57857186454,NA,NA,NA
1995-03-01,98.79,NA,227.951,40.87,NA,42.55,4.402,191.8,6.797,78.323,16.351,2608.79457145405,216.0096774,5834.03225806452,NA,NA,NA
1995-04-01,107.292,NA,230.104,4.384,NA,17.08,0.651,69.43,3.993,75.377,6.349,608.912357169655,100.0416667,4865.73333333333,NA,NA,NA
1995-05-01,71.834,NA,77.821,0.604,NA,3.36,0.575,3.49,NA,45.74,0.923,285.815307834774,31.98548387,5712.54838709677,NA,NA,NA
1995-06-01,43.248,NA,46.706,0,NA,1.78,0.692,1.044,0.796,24.633,0.66,214.307899814628,15.48633333,4093.8,NA,NA,NA
1995-07-01,27.068,NA,38.657,0,NA,1.65,0.626,1.007,1.094,16.187,0.565,218.137178265138,10.56064516,4383.06451612903,NA,NA,NA
1995-08-01,6.384,NA,41.124,0,NA,1.33,0.56,1.01,0.276,14.981,0.277,187.841932620776,9.548064516,1668.01290401336,NA,NA,NA
1995-09-01,8.873,NA,42.982,2.842,NA,1.47,0.51,3.597,2.928,14.383,0.537,134.258469676524,8.447333333,2870.86666666667,NA,NA,NA
1995-10-01,9.371,NA,47.319,1.632,28.25,3.42,0.451,1.758,1.681,14.129,0.292,96.5005417286733,7.660967742,2747.22580645161,NA,NA,NA
1995-11-01,28.549,NA,94.787,2.668,NA,8.43,0.388,10.55,2.916,19.67,2.885,133.930388891699,13.905,4519,NA,NA,NA
1995-12-01,26.21,NA,114.403,3.619,NA,13.36,0.299,8.5,15.35,22.516,1.1,222.414125654161,22.97225806,3489.1935483871,NA,NA,NA
1996-01-01,43.048,NA,219.999,23.927,NA,47.54,0.507,58.68,4.538,48.258,5.821,NA,78.66387097,3511.99032297442,NA,NA,NA
1996-02-01,81.537,NA,309.736,48.049,NA,49.39,2.169,108.8,8.351,60.293,45.175,NA,187.4027586,5532.20689655172,NA,NA,NA
1996-03-01,222.036,NA,357.374,33.558,NA,34.93,1.285,63.18,12.46,74.726,27.171,931.154247375828,114.4712903,5411.77419354839,NA,NA,NA
1996-04-01,82.022,NA,313.308,19.517,NA,22.2,0.677,45.22,7.162,72.76,13.637,967.197634736839,98.279,5924,NA,NA,NA
1996-05-01,54.996,NA,103.222,2.604,NA,11.2,0.698,11.24,4.469,28.924,3.856,405.100910746679,31.24419355,5355.32258064516,NA,NA,NA
1996-06-01,35.802,NA,54.47,0,NA,3.72,0.612,3.388,2.028,20.288,1.346,240.233892385369,14.185,3583.2,NA,NA,NA
1996-07-01,32.557,NA,42.657,0,NA,1.69,0.643,2.634,0.359,16.542,0.799,219.16164605113,11.14451613,3109.1935483871,NA,NA,6552
1996-08-01,22.215,NA,41.826,1.942,NA,1.35,0.497,2.565,0.673,15.087,0.478,204.880114579612,8.342258065,3005.48387096774,NA,NA,4830.29032258064
1996-09-01,12.307,NA,41.212,3.801,NA,1,0.377,2.273,0.327,14.73,0.38,102.132228108348,8.01,3044.16666666667,NA,NA,4191.56666666667
1996-10-01,14.038,NA,63.553,2.759,28.25,0.89,0.431,3.033,2.073,14.384,0.197,83.2559860016549,7.289354839,4369.61290322581,NA,NA,6965.45161290323
1996-11-01,6.25,NA,73.226,1.509,24.87,1.16,0.468,4.642,1.213,16.537,0.242,139.016147794727,14.028,3837.76666666667,NA,NA,9974.26666666667
1996-12-01,11.835,NA,69.691,3.73,NA,2.72,0.425,9.683,1.166,20.41,3.011,422.626546196357,47.1683871,3331.06451612903,NA,NA,12001.0322580645
1997-01-01,19.527,NA,103.605,8.334,NA,17.89,10.759,20.15,0.83,50.645,12.022,3466.90677041568,169.8764516,3647.16129032258,NA,NA,12362.2580645161
1997-02-01,61.012,NA,192.155,14.667,NA,62.9,14.897,28.12,15.2,67.429,43.648,NA,310.3821429,6753.46428571429,NA,NA,15303.9285714286
1997-03-01,119.661,NA,135.586,9.076,NA,28.39,7.164,23.4,4.504,61.703,18.659,3026.66460573629,282.2993548,6319.48387096774,NA,NA,19001.2903225806
1997-04-01,99.46,NA,73.213,0.847,63.41,5.15,1.392,4.637,4.661,22.15,4.348,1285.49878924679,146.725,5102.43333333333,NA,NA,19876.3333333333
1997-05-01,77.472,NA,57.949,0.235,36.09,1.19,1.17,1.852,3.077,19.055,0.892,540.434895122078,44.71032258,6734.51612903226,NA,NA,16399.0322580645
1997-06-01,31.211,NA,39.396,0,31.53,0.97,1.284,0.974,0.77,12.36,0.518,346.425494358205,22.51833333,4278.8,NA,NA,11422.4333333333
1997-07-01,35.805,NA,37.551,0,29.79,0.82,1.115,1.125,0.316,11.166,0.452,292.198757300293,15.16741935,3871.03225806452,NA,NA,6009.70967741936
1997-08-01,24.679,NA,37.579,3.238,28.67,0.74,0.864,1.874,0.278,11.165,1.147,NA,13.11903226,4183.67741935484,NA,NA,4691.74193548387
1997-09-01,13.927,NA,48.523,1.57,27.69,0.65,0.887,3.555,0.351,11.908,0.782,36.679,12.82133333,2621.1,NA,NA,4078.8
1997-10-01,7.99,NA,52.473,0.232,25.84,0.68,0.651,2.342,0.495,13.497,0.387,33.938,14.24258065,2579.67741935484,NA,NA,5781.77419354839
1997-11-01,34.684,NA,112.276,0.413,24.21,3.12,0.692,7.714,2.345,26.027,0.972,43.24,37.71966667,4428.76666666667,NA,NA,9581
1997-12-01,322.543,NA,279.134,6.989,35.06,25.1,0.616,34.74,5.943,58.99,7.402,31.838,46.89354839,5553.70967741936,NA,NA,13359.6774193548
1998-01-01,839.792,NA,390.387,95.46,126.5,85.53,10.772,173.3,21.03,80.774,46.693,1130.302,84.93064516,5588.48387096774,NA,NA,15773.2258064516
1998-02-01,1271.66,NA,522.25,55.44,212.9,63.55,1.349,121.4,38.8,101.611,42.121,1149.377,168.6539286,6129.21428571429,NA,NA,16186.0714285714
1998-03-01,1679.36,NA,617.258,74.91,309.8,139.15,0.925,241.3,43.52,100.261,30.768,534.262,145.7893548,6105.09677419355,NA,NA,17577.4193548387
1998-04-01,1861.96,NA,342.149,34.73,167.1,51.47,0.979,85.94,36.78,71.84,12.205,315.174,90.34066667,10132.9666666667,NA,NA,18973.3333333333
1998-05-01,584.752,NA,142.204,0.62,92.11,6.05,0.794,7.565,NA,45.769,1.352,125.446,22.34354839,8377.58064516129,NA,NA,17928.064516129
1998-06-01,195.64,NA,70.045,0.56,77.61,4.7,0.88,3.786,NA,29.4,0.846,142.106,12.06466667,5035.33333333333,NA,NA,9388.53333333333
1998-07-01,93.19,NA,52.344,0.5,68.18,3.29,0.751,1.842,NA,27.245,0.558,133.275,10.94290323,2793.41935483871,NA,NA,5488.32258064516
1998-08-01,66.98,NA,50.444,2.47,59.3,2.13,0.612,3.847,NA,23.752,0.331,104.457,9.367096774,2873.16129032258,NA,NA,3687.90322580645
1998-09-01,48.418,NA,50.213,2.57,50.02,1.63,0.535,2.701,2.502,24.3,0.164,94.089,8.061,2104.4,NA,NA,4132.56666666667
1998-10-01,38.418,NA,97.77,1.61,32.55,1.31,0.496,2.606,2.755,27.484,0.045,88.347,10.77548387,4162.16129032258,NA,NA,4762.41935483871
1998-11-01,46.412,NA,106.322,1.18,21.33,1.96,0.436,4.64,3.575,27.3,0.636,132.887,21.012,4246.53333333333,NA,NA,11977.4666666667
1998-12-01,20.572,NA,83.298,2.64,19.58,7.25,0.568,9.499,0.971,20.871,7.656,114.918,33.59064516,2256.83870967742,NA,NA,12365.8064516129
1999-01-01,75.68,NA,163.145,4.86,101.6,12.05,0.961,13.57,4.325,39.871,11.185,270.169,99.25183871,4515.90322580645,NA,NA,14211.6129032258
1999-02-01,509.631,NA,508.917,106,132,82.06,12.354,125.7,19.62,128.321,110.936,2279.689,259.0305714,8438,NA,NA,18163.5714285714
1999-03-01,971.924,NA,315.505,94.45,216.8,50.06,24.55,87.19,29.78,85.871,93.753,7722.306,234.6752581,6179.09677419355,NA,NA,19748.3870967742
1999-04-01,322.917,NA,209.689,33.47,108,21.42,5.978,36.53,24.36,65.467,37.794,3209.026,59.8793,8259.7,NA,NA,20951
1999-05-01,295.512,NA,118.989,6.68,59.2,11.16,2.056,14.78,16.85,43.452,5.23,455.501,29.35554839,7567.38709677419,NA,NA,20541.6129032258
1999-06-01,175.154,NA,63.017,1.14,43.13,9.57,1.358,5.256,7.687,35.267,1.43,250.672,16.60426667,6644.43333333333,NA,NA,14879.6666666667
1999-07-01,102.076,NA,44.978,0.92,33.87,6.26,1.256,2.444,6.247,26.032,1.198,211.287,13.76487097,5304.45161290323,NA,NA,8840.8064516129
1999-08-01,57.833,NA,43.573,2.56,28.11,2.07,1.124,3.18,1.692,21.71,0.802,170.534,11.90167742,3540.06774311681,NA,NA,4910.38709677419
1999-09-01,41.975,NA,55.903,3.57,23.3,2.16,0.871,3.302,1.677,23.3,0.485,113.91599150998,9.671466667,3906.4,NA,3435.89655172414,3597.96666666667
1999-10-01,28.039,NA,60.165,2.62,20,3.02,0.741,4.165,2.295,26.742,1.156,217.350711580726,15.75609677,2305.42903186429,NA,3950.90322580645,5045.51612903226
1999-11-01,25.424,NA,66.311,1.92,19.84,3.12,0.647,4.883,1.016,23.7,0.3,103.320484199756,12.44916667,2046.13333129883,NA,5652.9,6998.86666666667
1999-12-01,81.392,NA,148.448,5.08,24.35,13.52,0.664,11.64,4.653,34.645,2.878,126.075963596566,19.32606452,4267.74193548387,3581.48275862069,11646.8064516129,11047.7419354839
2000-01-01,71.087,NA,110.134,29.74,135.9,45.68,5.84,53.93,2.605,42.56,55.439,2173.52562661546,302.6575484,2864.5,3185.29032258065,12932.1290322581,12865.8064516129
2000-02-01,243.654,NA,332.253,56.19,125.5,65.08,12.092,92.92,12.4,98.69,85.217,NA,272.2952143,7356.48275862069,4579.41379310345,20700.3448275862,14740
2000-03-01,701.949,NA,333.375,70.88,102.5,69.2,9.077,82.01,49.61,103.1,89.646,4648.25505751384,349.533,7120.09677419355,5143.93548387097,23001.2903225806,17788.7096774194
2000-04-01,602.392,NA,231.639,15.13,50.04,26.82,4.173,37.21,32.96,70.77,27.33,718.319128431973,146.0857667,8325.96666666667,4088.3,18701,19676.6666666667
2000-05-01,288.941,NA,145.973,5.7,39.04,10.84,2.677,26.86,15.2,40.55,6.226,438.684561046833,59.76532258,9411.61290322581,2432.32258064516,9736.70967741935,18776.4516129032
2000-06-01,159.452,NA,63.307,1.29,28.54,5.81,2.617,8.712,10.49,29.4,2.28,293.537643834026,30.97286667,6560.1,2837.5,7137.76666666667,13119
2000-07-01,90.091,NA,43.831,1.18,25.41,3.87,2.313,3.453,4.875,22.74,1.609,230.665474784325,15.29858065,5125.96774193548,1865.45161290323,5037.29032258064,10056.3548387097
2000-08-01,56.788,NA,43.843,2.03,24.65,2.78,1.206,2.016,2.844,4.72,1.515,247.300297703758,11.04835484,3202.29032258065,1506.81935562626,4184.61290322581,7431
2000-09-01,39.198,NA,45.522,4.34,22.72,2.24,0.655,4.813,3.138,4.244,0.688,169.665379292585,11.01213333,3868.53333333333,1337.91666666667,3758.73333333333,4969.5
2000-10-01,21.841,NA,53.097,3.63,20.98,4.35,0.683,4.049,1.877,6.226,1.54,226.376794204827,16.73919355,4430.25806451613,1775.58064516129,4285.35483870968,5835.51612903226
2000-11-01,9.606,NA,61.247,2.04,NA,2.48,0.623,5.056,0.499,5.195,0.529,152.04952477332,14.96406667,2630.43333333333,1625.95333048503,6838.06666666667,8050.16666666667
2000-12-01,39.427,NA,93.729,6.06,22.14,17.5,0.725,12.58,4.682,11.25,5.763,294.816267090649,31.31890323,4042.41935483871,2901.67741935484,7927.67741935484,9507.70967741935
2001-01-01,92.033,NA,367.91,57.05,33.2,46.33,3.008,75.54,NA,115.6,61.848,8012.90102685604,86.60032258,4513.8064516129,5226.32258064516,18122.1612903226,12729.4193548387
2001-02-01,160.508,NA,307.281,55.29,89.74,29.58,30.064,96.92,NA,92.58,151.996,NA,252.4858571,5340.67857142857,4463.32142857143,22161.7857142857,15854.2857142857
2001-03-01,838.187,NA,500.886,89.22,157,83.42,20.425,101,NA,147,127.175,8906.01918763559,303.6427419,5519.32258064516,5117.51612903226,23882.9032258065,17426.7741935484
2001-04-01,537.731,NA,227.114,22.24,51.4,28.93,2.853,42.41,NA,84.09,49.319,1999.13050269428,177.3253333,6454,3498.3,18447,19185
2001-05-01,145.497,NA,77.959,2.79,31.16,11.27,1.823,11.05,NA,60.71,6.428,NA,79.49312903,9889.96774193548,2685.48387096774,9471.29032258065,17164.8387096774
2001-06-01,158.719,NA,56.627,1.39,27.69,6.45,1.427,6.964,NA,33.7,2.984,407.889715226664,26.84566667,5583.06666666667,1607.66666666667,6388,11119.5333333333
2001-07-01,80.458,NA,47.839,1.5,24.64,3.42,1.39,5.397,NA,28.55,2.238,379.229490159331,19.57248387,5429.54838709677,1416.38709677419,4722.61290322581,6989.41935483871
2001-08-01,54.286,NA,44.469,3.26,23.15,2.01,0.815,4.548,NA,17.43,1.384,342.059539586655,15.14480645,3899.45161290323,992.893548780872,3986.29032258065,4824.64516129032
2001-09-01,24.884,NA,49.758,4.74,21.33,1.26,1.059,2.881,NA,15.98,0.89,304.361661738316,10.92956667,4211.03333333333,1215.34333089193,3678.2,4209.33333333333
2001-10-01,25.874,NA,57.372,1.87,19.45,1.96,0.618,5.724,NA,20.66,1.485,264.347116936976,13.61283871,3735.83870967742,1892.17096734816,4577.70967741936,5069.96774193548
2001-11-01,41.59,NA,172.958,1.97,18.33,6.1,0.709,6.611,NA,46.61,1.05,237.661755203886,15.43706667,2843.96666666667,2853.16666666667,8296.93333333333,8362.4
2001-12-01,40.136,NA,180.729,2.19,NA,6.99,0.909,9.222,NA,49.76,0.365,275.736176381253,23.94145161,4675,4013.87096774194,10567.064516129,10811.3225806452
2002-01-01,55.108,NA,154.346,6.04,19.24,7.62,1.128,22.1,NA,40.06,10.508,320.176647822767,245.3566452,2922,3230.29032258065,12056.6129032258,12038.064516129
2002-02-01,142.609,NA,202.809,29.08,83.11,41.14,8.082,121.5,NA,70.51,61.745,2336.6765224,277.9459643,6482.28571428571,4464.60714285714,20788.9285714286,13953.5714285714
2002-03-01,737.866,NA,383.796,39.37,340,45.77,7.778,102.1,NA,98.38,75.835,4875.7145576,289.5925484,6651.32258064516,4478.93548387097,21861.2903225806,17092.9032258065
2002-04-01,803.704,NA,283.621,13.9,194.84,38.93,2.133,36.36,NA,75.1,42.147,1717.3190408,204.1731333,8527.6,4443.63333333333,16824.6666666667,18634
2002-05-01,213.299,NA,95.01,2.41,179.33,7.32,1.644,9.069,NA,31.1,5.799,751.161897,54.03796774,7458.16129032258,3115.67741935484,10356.4838709677,17262.5806451613
2002-06-01,101.157,NA,55.493,0.74,106.48,3.57,1.697,4.216,NA,21.08,1.854,406.0037075,37.64493333,3776.16666666667,1871.1,7215.7,11104.0666666667
2002-07-01,88.71,NA,50.968,0.6,75.1,2.35,1.652,3.65,NA,18.12,1.702,416.104498174595,30.55622581,7805.03225806452,2705.16129032258,5398.35483870968,7671.64516129032
2002-08-01,51.859,NA,41.155,2.52,51.77,2,1.461,2.516,NA,16.13,1.04,316.156565146012,25.03370833,5359.25806451613,1103.94516089655,4193.87096774194,5745.16129032258
2002-09-01,25.694,NA,41.916,3.48,40.39,1.23,0.773,4.193,NA,13.7,0.627,202.738764488106,14.3654,4056.36666666667,1342.21333414714,4658.6,4667.16666666667
2002-10-01,36.962,NA,73.746,1.85,33.8,1.29,0.688,3.648,NA,20.99,0.934,295.405654973159,16.27677419,5492.77419354839,2347.16129032258,5925.96774193548,5342.48387096774
2002-11-01,48.032,NA,166.597,4.49,31.58,3.33,0.774,16.33,NA,37.38,7.851,295.965111423432,67.98266667,4681.06666666667,4571.06666666667,10222.1,10827.1333333333
2002-12-01,59.177,NA,185.111,3.88,28.3,3.97,0.808,17.07,NA,47.97,5.523,397.665790549029,135.614129,7248.8064516129,4948.29032258064,15478.064516129,13590.6451612903
2003-01-01,58.804,NA,165.07,12.43,34.84,3.993,1.092,42.13,3.911,52.65,21.221,820.6897028,310.1129032,6159.48387096774,3723.77419354839,17483.5483870968,15337.7419354839
2003-02-01,95.403,NA,221.186,49.09,97.48,17.829,1.088,91.68,12.522,62.46,53.121,1163.4201768,306.4581786,5204.42857142857,4788,20602.1428571429,16060.3571428571
2003-03-01,127.763,NA,258.158,37.3,339.21,20.153,1.678,84.58,4.871,88.25,82.058,2819.599672,102.5399355,4179.87096774194,4957.12903225806,21406.7741935484,17668.7096774194
2003-04-01,137.269,NA,190.291,16.27,370.81,8.567,1.083,33.09,3.456,51.14,29.726,858.28589979871,91.35586667,8425.43333333333,4455.43333333333,18783.6666666667,18532.6666666667
2003-05-01,118.952,NA,85.06,1.34,142.83,4.79,0.739,5.299,2.941,27.29,3.191,305.795891304967,56.25867742,7059.25806451613,3213.16129032258,8564.74193548387,17571.935483871
2003-06-01,62.693,NA,56.343,0.9,76,2.242,0.866,2.882,3.441,17.71,1.124,210.896631880031,21.9084,3474.66666666667,2621.06666666667,7175.76666666667,13056.3333333333
2003-07-01,40.547,NA,46.922,0.48,47.75,1.139,0.858,2.177,0.913,14.29,0.757,189.158071782047,17.24454839,4520.83870967742,1521.03225806452,4674.51612903226,8873.29032258065
2003-08-01,23.185,NA,44.252,3.33,39.56,1.093,0.842,2.947,0.345,11.18,0.493,270.288063398238,13.24358065,3766.35483870968,1452.08064319241,4272.1935483871,5304.06451612903
2003-09-01,17.207,NA,42.515,2.95,31.73,0.888,0.588,4.075,0.322,12.35,0.233,161.08302,20.1925,5051.26666666667,1367.8800008138,3416.1,4008.36666666667
2003-10-01,18.257,NA,63.103,2.17,36.45,0.802,0.683,5.688,0.501,13.2,0.086,149.49052,16.32583871,2431.70967741935,2536.22580645161,4828.64516129032,5415.32258064516
2003-11-01,13.927,NA,60.805,0.48,35.94,0.74,0.519,3.398,0.027,15.56,0.174,128.721,13.1272,3978.86666666667,2925.76666666667,5419.83333333333,6966.23333333333
2003-12-01,46.408,NA,135.421,5.48,35.26,22.632,0.519,21.71,2.032,45.42,4.118,182.84524,21.82296774,5208.96774193548,5229.32258064516,11094.7096774194,11779.1612903226
2004-01-01,52.755,NA,104.534,2.07,38.61,4.824,2.573,11.79,1.791,29.32,5.795,2050.51069328433,59.54074194,4705.96774193548,3359.38709677419,17022.2580645161,15736.4516129032
2004-02-01,46.735,NA,167.166,14.39,202.62,28.773,4.603,53.17,1.118,59.15,53.594,NA,256.2770714,3208.20689655172,2938.10344827586,16186.2068965517,13732.4137931034
2004-03-01,77.696,NA,137.962,23.81,311.78,30.155,0.986,55.97,4.236,43.67,29.699,800.075270466344,124.2498387,5353.1935483871,3621.61290322581,11682.4516129032,13668.3870967742
2004-04-01,90.856,NA,123.908,13.575,92.49,28.423,1.244,38.42,2.312,36.09,22.198,626.02048602912,106.7585667,3352.93333333333,3314.4,11317.4666666667,14362.3333333333
2004-05-01,55.892,NA,66.441,0.98,87.68,4.073,1.144,5.285,1.685,17.62,1.117,305.82190048023,52.78335484,6790.09677419355,2471.90322580645,7101.70967741936,12237.6774193548
2004-06-01,71.373,NA,44.812,0.66,44.05,2.193,1.085,2.127,0.893,12.78,0.523,273.162270743683,18.57356667,7871,1693.5,4297.63333333333,8408.23333333333
2004-07-01,36.589,NA,36.429,0.33,38.63,1.41,0.755,1.47,2.624,10.73,0.649,347.613343722625,14.58090323,5898.16129032258,1843.83870967742,4079.77419354839,7502.16129032258
2004-08-01,19.303,NA,34.901,1.11,36.9,1.284,0.702,1.215,0.225,9.897,0.287,359.262696982551,12.67474194,6116.32258064516,1393.23548347719,3200.35483870968,4877.06451612903
2004-09-01,15.972,NA,33.853,2.82,35.99,1.035,0.579,5.14,0.662,10.87,0.099,269.719766297083,11.08426667,3045.03333333333,1530.12666625977,3247.1,4803.9
2004-10-01,20.759,NA,81.862,1.46,32.6,1.307,0.536,2.178,2.503,21.94,0.082,222.642969250359,8.503096774,4818.41935483871,2801,4847,6253.83870967742
2004-11-01,25.926,NA,149.154,1.38,32.4,3.207,0.607,9.017,1.452,35.27,0.283,110.444856544485,9.939233333,5527.06666666667,4249.86666666667,9312.66666666667,11365.2
2004-12-01,54.174,NA,167.652,6.81,33.55,13.071,0.59,29.02,3.67,42.18,4.117,118.685035740685,11.68325806,5435.70967741936,4004.83870967742,12539,13253.8709677419
2005-01-01,26.508,NA,148.376,11.29,48.54,30.901,2.195,47.6,0.798,46,7.025,536.827185896987,200.6946452,3961.45161290323,2835.25806451613,13185.1612903226,14710
2005-02-01,117.353,NA,162.394,4.96,76.91,20.946,3.924,29.29,6.458,45.55,14.72,2577.90940694564,168.88925,6763.89285714286,4047.57142857143,13649.6428571429,14114.2857142857
2005-03-01,318.063,NA,294.185,10.32,469.43,41.226,1.712,49.6,14.117,57.96,16.684,735.343177970551,106.8978387,6187.67741935484,4437.22580645161,15220.6451612903,15443.2258064516
2005-04-01,159.182,NA,179.153,10.88,421.54,38.142,1.099,37.97,5.112,43.14,11.683,536.136385656918,131.2269333,7233.63333333333,4143.46666666667,10897.2333333333,16164.3333333333
2005-05-01,68.511,NA,78.217,0.62,135.93,4.373,0.96,4.303,0.77,19.41,0.738,245.299441975669,35.22096774,6625.09677419355,2618.06451612903,5510.74193548387,12048.3870967742
2005-06-01,56.52,NA,54.336,0.42,87.06,2.079,1.069,2.301,0.808,14.57,0.365,180.117013316498,17.38893333,6663.13333333333,1974.26666666667,3983.46666666667,7824.63333333333
2005-07-01,29.57,NA,48.295,0.18,74.87,1.724,0.994,1.585,0.343,12.64,0.213,170.072967839301,13.15419355,5619.87096774194,1300.47419591104,2884,5073.90322580645
2005-08-01,19.34,NA,45.867,1.76,57.64,1.4,0.871,2.965,0.117,11.41,0.146,153.26278,10.31345161,3466.74193548387,854.083872149068,2430.45161290323,2941.22580645161
2005-09-01,16.088,NA,47.282,2.5,45.06,1.122,0.94,4.802,0.044,11.73,0.237,155.5239,6.704433333,3204.13333333333,1013.63666585286,2575.3,2638.46666666667
2005-10-01,14.001,NA,62.574,2.6,37.55,0.58,0.731,3.829,1.377,13.31,0.041,155.0193599375,19.81935484,4065.61290322581,2429.3096766318,4185.16129032258,4267.51612903226
2005-11-01,22.762,NA,65.512,1.33,38.63,0.446,0.641,5.698,1.296,16.93,0.002,179.889107,21.49583333,4092.46666666667,3680,5707.73333333333,7579.53333333333
2005-12-01,30.727,NA,115.819,3.34,35.54,22.107,0.549,18,0.376,28.4,9.527,350.441483,21.92674194,3313.8064516129,2773.09677419355,10263.8064516129,10077.3548387097
2006-01-01,59.177,NA,129.551,21.24,31.02,42.871,1.962,65.85,2.498,35.54,36.636,NA,163.0756452,4818.83870967742,3812.48387096774,16842.5806451613,13573.8709677419
2006-02-01,369.13,NA,221.919,57.44,154.75,53.589,8.665,113.4,10.846,57.32,101.258,NA,108.44875,3776.53571428571,4109.17857142857,18819.6428571429,16103.9285714286
2006-03-01,518.07,NA,392.904,53.01,397.51,86.694,8.421,105.9,20.826,74.52,76.522,2518.790844,296.1367742,7533.09677419355,5260.41935483871,18980.3225806452,17582.5806451613
2006-04-01,421.836,NA,387.082,22.88,282.47,66.066,4.414,44.89,9.711,77.31,24.758,2101.118898,181.3633333,5704.06666666667,4480.06666666667,16999.8666666667,18550.3333333333
2006-05-01,89.046,NA,98.701,2.56,113.1,16.719,1.277,9.073,2.178,27.82,3.47,350.624698,75.68219355,4321.41935483871,1672.87096774194,6025.25806451613,14429.9032258065
2006-06-01,67.631,NA,63.914,0.73,65.17,4.229,1.138,4.379,2.98,18.32,1.434,291.761283999999,30.24906667,4735.33333333333,1784.4,5266.16666666667,8085.76666666667
2006-07-01,35.506,NA,47.127,0.46,47.09,2.458,0.89,2.043,1.156,12.91,0.856,245.032640589551,18.2786129,4125.41935483871,1151.88386978642,3741.93548387097,5285.12903225806
2006-08-01,26.956,NA,43.007,2.22,35.58,2.169,0.757,2.965,0.528,10.9,0.548,200.452423519439,13.061,3563.06451612903,1150.92258182649,3371.03225806452,3693.03225806452
2006-09-01,22.222,NA,45.843,2.2,38.71,1.822,0.781,3.961,0.12,13.28,0.296,152.146764755837,7.9342,2831.26666666667,1315.84333292643,3719.3,3424.7
2006-10-01,17.921,NA,57.884,3.28,33.58,1.792,1.061,2.676,0.628,18.1,0.065,135.915770452277,9.588483871,3007.70967741935,2381.87096774194,5849.06451612903,5544.1935483871
2006-11-01,25.193,NA,88.25,1.47,33.89,7.719,0.763,7.758,3.362,28.9,1.625,224.470722876893,27.1137,3336.33333333333,4093,13301.5,11394.7666666667
2006-12-01,51.038,NA,178.889,4.54,33.73,9.217,0.779,18.26,2.079,45.42,0.425,299.180955312977,63.08574194,5100.58064516129,5228.29032258064,15924.1935483871,13989.3548387097
2007-01-01,60.223,NA,218.343,18.9,29.46,NA,4.075,82.52,6.249,60.53,21.751,861.840164821476,116.4460645,7302.83870967742,5507.51612903226,19683.2258064516,16996.4516129032
2007-02-01,63.492,NA,196.785,14.13,164.94,NA,4.548,44.62,4.055,55.49,16.576,676.73958980878,147.9403214,3479.17857142857,2921.82142857143,17615.3571428571,17346.7857142857
2007-03-01,155.802,NA,320.957,47.83,430.34,NA,6.266,113.7,8.333,71.42,50.416,2523.42498157779,154.8937742,5234.29032258064,4974.16129032258,18875.1612903226,16170.3225806452
2007-04-01,155.478,NA,330.607,37.53,301.17,NA,1.512,52.45,4.864,70.06,26.962,1071.3326455241,31.28103333,6747.63333333333,4224,17171,18101.6666666667
2007-05-01,82.848,NA,117.024,2.8,144.22,NA,0.835,9.815,3.332,44.32,3.514,356.416557560381,16.16983871,5866.70967741936,3188.83870967742,9652.61290322581,16565.1612903226
2007-06-01,85.918,NA,59.683,0.58,100.37,NA,0.858,3.397,0.362,19.13,1.066,199.053020740438,14.98726667,6292.8,1595.5,5130.93333333333,9986.76666666667
2007-07-01,30.653,NA,46.003,0.48,77.39,NA,0.798,2.179,0.424,14.7,0.77,190.967008852491,14.96680645,3788.54838709677,1270.02580802671,4461.35483870968,5774.41935483871
2007-08-01,35.73,NA,43.382,1.82,43.88,NA,0.776,3.366,0.328,12.78,0.499,166.878022223002,14.58893548,3683.70967741935,967.006452006679,3535.1935483871,4736.64516129032
2007-09-01,26.775,NA,39.401,1.89,39.79,NA,0.695,6.607,0.281,11.92,0.294,165.915314149078,11.20003333,3099.46666666667,1384.49666748047,3573.2,3437.16666666667
2007-10-01,23.97,NA,64.001,2.77,34.21,NA,0.608,3.406,2.62,16.03,0.143,160.790796089871,9.180290323,4187.54838709677,2681.88709677419,4786.70967741936,5357.90322580645
2007-11-01,52.546,NA,107.783,2.39,32,NA,0.576,7.557,7.363,21.58,0.479,187.476136152216,9.6643,6746.46666666667,4265.86666666667,7480.66666666667,10679.4333333333
2007-12-01,36.85,NA,90.222,3.15,29.7,NA,0.718,8.935,1.874,21.75,1.205,271.24535842048,21.73303226,3782.93548387097,3896,11262.7741935484,12958.3870967742
2008-01-01,82.139,NA,220.876,38.45,28.61,NA,7.622,95.69,5.368,53.71,44.747,3380.4931805338,120.2663226,5481.12903225806,4491.87096774194,18067.4193548387,15174.1935483871
2008-02-01,652.658,NA,245.549,73.96,33.52,NA,1.859,91.88,34.07,57.51,46.578,NA,116.7445,6917.62068965517,5085.37931034483,20545.5172413793,16889.6551724138
2008-03-01,1048.76,NA,272.055,25.72,250.82,NA,1.771,51.77,27.07,54.02,43.199,2058.97749644647,131.8100323,5991.67741935484,6153.8064516129,21110,18174.1935483871
2008-04-01,835.34,NA,240.721,10.97,256.94,NA,1.076,25.97,24.28,51.65,12.414,509.686552219276,93.20743333,5924.3,4343.13333333333,14095.5666666667,19281
2008-05-01,289.165,NA,97.728,1.98,143.68,NA,0.925,6.309,5.157,24.03,1.653,253.27949676364,38.21216129,6165.12903225806,2423.64516129032,6410.93548387097,13980.9677419355
2008-06-01,137.423,NA,62.635,1.05,110.1,NA,0.991,3.77,3.258,16.94,0.978,201.129058745132,23.95033333,5430.83333333333,2570.36666666667,5373.46666666667,9140.46666666667
2008-07-01,101.329,NA,44.069,0.71,52.98,NA,1.036,2.872,2.607,13.12,0.712,185.041240554751,17.44322581,4389.1935483871,1509.02258103894,4158.8064516129,6325.38709677419
2008-08-01,59.289,NA,35.461,1,41.81,NA,0.734,3.039,2.168,11.69,0.427,176.396576691136,13.31729032,3229.12903225806,1240.88064673639,3902.29032258065,4436.58064516129
2008-09-01,39.969,NA,35.368,2.84,25.37,NA,0.644,4.321,1.716,11.32,0.267,110.642419952121,12.15573333,4302.46666666667,1501.89333292643,3635.06666666667,4068
2008-10-01,43.197,NA,74.778,3.18,24.21,NA,0.761,4.206,4.966,17.82,0.456,89.2747068063023,13.18545161,4368.45161290323,2576.93548387097,4758.64516129032,5282.38709677419
2008-11-01,54.437,NA,104.673,1.85,25.66,NA,0.734,6.971,3.377,22.18,0.126,67.702522748852,11.5865,4716.63333333333,3574.4,6594.9,8686.7
2008-12-01,43.608,NA,93.8,1.73,28.2,NA,1.439,6.452,1.298,30.34,0.944,118.369219872216,36.50370968,3181,3378.77419354839,7928.09677419355,8943.77419354839
2009-01-01,222.7,NA,252.024,7.62,37.59,NA,1.139,28.48,10.24,52.08,49.578,192.770669274481,121.9943548,6055,4790.38709677419,13510,13501.935483871
2009-02-01,538.1,NA,417.218,59.38,62.03,NA,5.269,101.9,15.96,76.37,88.919,391.152934491075,157.849,6350.64285714286,5180.89285714286,15229.6428571429,15786.0714285714
2009-03-01,758.7,NA,489.155,36.51,119.86,NA,5.241,53.41,26.68,93.58,30.24,1319.45595941275,125.1496129,6629.32258064516,5652.03225806452,18534.5161290323,17822.2580645161
2009-04-01,479.3,NA,429.829,17.17,173.09,NA,0.695,42.22,16.77,79.64,22.517,953.90065042785,77.4202,7645.7,5083.53333333333,15875.3333333333,18948
2009-05-01,229.7,NA,155.39,2.39,96.76,NA,0.709,7.739,8.944,38.94,3.178,261.870371907725,20.87103226,6500.90322580645,3706.32258064516,11072.6129032258,18683.2258064516
2009-06-01,116,NA,78.326,1.03,47.07,NA,0.777,3.972,4.261,22.28,1.25,134.105769143247,13.23313333,5636.4,2433.56666666667,6409.26666666667,13089.4
2009-07-01,107.5,NA,54.522,0.54,39.45,NA,0.882,2.653,4.431,16.36,0.813,110.432567938727,8.924774194,5586.25806451613,1816.41935483871,4865.16129032258,8515
2009-08-01,64.18,NA,50.745,0.65,35.91,NA,0.598,2.602,2.094,14.9,0.524,100.512503820786,7.987225806,4134,1499.303226594,3696.8064516129,5441.87096774194
2009-09-01,45.35,NA,52.324,2.34,33.78,NA,0.505,4.91,1.405,14.03,0.295,80.3970502592898,15.67583333,3332.63333333333,1329.58333333333,3564.96666666667,4512.7
2009-10-01,41.88,NA,97.172,2.24,32.5,NA,0.467,4.535,1.847,22.52,0.104,81.4248223466606,15.02258065,3887.06451612903,1937.48387096774,4296.96774193548,5665.06451612903
2009-11-01,27.28,NA,145.972,5.03,30.93,NA,0.451,19.56,2.734,34.22,1.052,150.206225021271,15.0635,4176.53333333333,2264.36666666667,7065.13333333333,7568.06666666667
2009-12-01,44.06,NA,276.634,19.42,29.68,NA,0.457,58.51,6.981,59.42,0.815,694.180972047628,38.75783871,6863.48387096774,4259,13430.6451612903,13790.2580645161
2010-01-01,51.5,NA,232.438,26.91,78.28,36.91,0.581,78.37,4.189,56.33,NA,1819.58869319852,49.35841935,4220.41935483871,3332.96774193548,15173.8709677419,14366.7741935484
2010-02-01,151.7,NA,267.916,26.73,130.2,30.17,1.562,50.18,17.88,61.98,NA,3038.39912307931,199.7595714,5844.64285714286,4791.10714285714,17314.6428571429,15182.8571428571
2010-03-01,188.5,NA,265.854,32.88,94.54,51.91,0.827,93.29,10.61,72.11,NA,2555.02318376051,312.2042581,4670.32258064516,4160.83870967742,16768.3870967742,16253.2258064516
2010-04-01,259.7,NA,171.409,13.12,42.33,18.62,0.596,33.53,16.16,57.61,NA,773.056360876635,238.3697667,6163.16666666667,4079.7,11470.1333333333,16645
2010-05-01,140.9,NA,121.543,1.99,41.8,3.336,0.689,6.703,7.57,28.08,NA,320.755296229332,69.98248387,7030.1935483871,3302.77419354839,8025.74193548387,13710
2010-06-01,72.26,NA,58.088,0.96,38.45,1.772,0.782,2.926,2.172,16.97,NA,218.80679419808,25.78943333,3494.63333333333,1720.5,4712.1,8855.26666666667
2010-07-01,38.75,NA,48.413,1,33.56,2.49,0.777,2.021,0.899,14.94,NA,159.723962308885,16.36393548,4732.93548387097,1562.8064516129,4004.77419354839,5660.22580645161
2010-08-01,29.3,NA,47.53,2.39,30.64,2.006,0.622,2.504,0.349,13.56,NA,112.757740656996,11.00841935,2615.37097167969,989.354834771926,3152.22580645161,3602.35483870968
2010-09-01,27.07,NA,44.823,2.19,25.93,1.5,0.487,4.668,0.574,12.55,NA,81.9602261817826,6.989966667,1920.9299987793,1066.88333129883,NA,3004.6
2010-10-01,14.26,NA,53.846,3.23,23.64,1.384,0.398,3.677,1.005,14.42,NA,81.139129954246,6.32983871,1351.43547993322,1237.06451612903,3734.67741935484,2941.03225806452
2010-11-01,18.78,NA,90.394,2.4,19.59,1.252,0.31,6.603,0.338,23.4,NA,65.2658579795246,5.453733333,2853.63333333333,2337.23333333333,5595,5790.23333333333
2010-12-01,22.6,NA,167.886,7.05,26.68,24.77,0.472,26.62,1.798,53.3,NA,182.068189248007,21.31167742,2900.83870967742,2917.16129032258,9804.51612903226,9934.25806451613
2011-01-01,43.96,NA,213.348,52.64,72.229,33.097,2.819,99.573,5.829,72.38,54.41,1285.15609319144,148.396871,3514.25806451613,3087.64516129032,14490.6451612903,12280.3225806452
2011-02-01,201.6,NA,217.694,67.588,338.319,40.711,11.679,142.366,7.602,79.156,76.58,NA,319.8625357,4798.21428571429,5253.46428571429,20797.5,14074.6428571429
2011-03-01,77.24,NA,208.428,34.036,158.838,29.71,2.208,87.21,2.429,74.52,17.28,3922.36797271538,234.1244194,4196.38709677419,4684.83870967742,23286.7741935484,17301.2903225806
2011-04-01,252.9,NA,283.994,43.952,167.752,45.005,1.151,85.817,11.073,74.889,32.62,1677.23750614623,182.5191667,6945.43333333333,4307.4,18455.6666666667,20368.3333333333
2011-05-01,109,NA,92.656,3.652,73.671,6.7,0.848,10.829,5.793,34.544,4.703,438.207662346729,69.40009677,4588.1935483871,2798.8064516129,8443.90322580645,18970.9677419355
2011-06-01,69.28,NA,50.003,1.473,44.21,3.09,0.903,4.559,2.928,18.38,1.022,235.600486702998,30.21656667,4170.43333333333,1862.6,5335.16666666667,11581.7666666667
2011-07-01,86.87,NA,40.484,1.75,30.319,1.465,0.863,2.753,2.27,15.548,0.741,235.843882707674,17.20251613,6611.03225806452,1792.16129032258,4665.1935483871,7396.32258064516
2011-08-01,27.4,NA,42.17,2.618,30.476,1.3,0.645,3.82,0.485,13.534,0.463,185.586806367021,14.19672414,2491.22580645161,1091.17096931704,3838.77419354839,4983.54838709677
2011-09-01,38.12,NA,38.855,3.24,25.496,1.4,0.456,4.8,1.482,12.394,0.28,151.006903931998,10.37883333,3567.36666666667,1389.6900004069,3644.36666666667,3756.26666666667
2011-10-01,32.68,NA,42.917,2.583,21.488,1.381,0.623,3.681,1.661,13.446,0.3,162.102832680318,19.56177419,3164.70967741935,2319.67741935484,5225.41935483871,6899.45161290323
2011-11-01,34.79,NA,NA,3.715,NA,NA,0.381,13.081,NA,NA,0.303,166.860661598893,14.86463333,3646.9,2749.6,5769.46666666667,7559.03333333333
2011-12-01,NA,NA,NA,13.235,NA,NA,0.465,42.565,NA,NA,1.075,810.702341869875,32.54648387,5835.35483870968,4510.16129032258,10614.6451612903,12101.6129032258
2012-01-01,NA,NA,NA,NA,NA,NA,NA,NA,NA,NA,NA,2794.81941096124,220.2925484,8053.1935483871,5221.64516129032,14644.5161290323,16797.0967741935
2012-02-01,NA,NA,NA,NA,NA,NA,NA,NA,NA,NA,NA,NA,353.1870714,7640.75862068965,5528.72413793103,19324.8275862069,17921.724137931
2012-03-01,NA,NA,NA,NA,NA,NA,NA,NA,NA,NA,NA,3761.8169,248.4594516,7339.8064516129,4851.87096774194,21281.2903225806,19674.1935483871
2012-04-01,NA,NA,NA,NA,NA,NA,NA,NA,NA,NA,NA,2945.376,98.13216667,7532.3,5239.33333333333,15705,21412
2012-05-01,NA,NA,NA,NA,NA,NA,NA,NA,NA,NA,NA,889.159925,63.45722581,5870.93548387097,2853.8064516129,9294.06451612903,18647.0967741935
2012-06-01,NA,NA,NA,NA,NA,NA,NA,NA,NA,NA,NA,384.105793566964,51.80063333,5221.43333333333,1581.02333374023,5618.16666666667,10877.0333333333
2012-07-01,NA,NA,NA,NA,NA,NA,NA,NA,NA,NA,NA,262.262407448999,43.01132258,5213.45161290323,1209.88709677419,4259.38709677419,6522.45161290323
2012-08-01,NA,NA,NA,NA,NA,NA,NA,NA,NA,NA,NA,212.869979073118,28.10093548,2962.70967741935,840.735479539441,3387.35483870968,3617.16129032258
2012-09-01,NA,NA,NA,NA,NA,NA,NA,NA,NA,NA,NA,167.856475538211,10.73853333,2682.8,972.476668294271,NA,3025.23333333333
2012-10-01,NA,NA,NA,NA,NA,NA,NA,NA,NA,NA,NA,143.970900004001,8.308806452,3301.29032258065,2303.61290322581,4315.16129032258,4419.87096774194
2012-11-01,NA,NA,NA,NA,NA,NA,NA,NA,NA,NA,NA,172.387618205922,7.314666667,3624.73333333333,2635.73333333333,5973.23333333333,6746.56666666667
2012-12-01,NA,NA,NA,NA,NA,NA,NA,NA,NA,NA,NA,1685.01741293916,64.25735484,4265,3848.45161290323,12475.3548387097,12155.2580645161
2013-01-01,NA,NA,NA,NA,NA,NA,NA,NA,NA,NA,NA,3515.1541,191.9686129,6446.38709677419,4993.03225806452,16977.7419354839,17277.4193548387
2013-02-01,NA,NA,NA,NA,NA,NA,NA,NA,NA,NA,NA,3229.2328,258.6557143,5799.03571428571,5542.14285714286,17597.8571428571,18364.6428571429
2013-03-01,NA,NA,NA,NA,NA,NA,NA,NA,NA,NA,NA,2708.42785,144.1727097,7589.90322580645,NA,19748.064516129,19460.6451612903
2013-04-01,NA,NA,NA,NA,NA,NA,NA,NA,NA,NA,NA,501.383401788879,108.3475,6315.33333333333,4961.83333333333,15431.5,19977.6666666667
2013-05-01,NA,NA,NA,NA,NA,NA,NA,NA,NA,NA,NA,322.545602750038,80.29432258,5108.64516129032,2572.22580645161,7146.51612903226,15992.9032258065
2013-06-01,NA,NA,NA,NA,NA,NA,NA,NA,NA,NA,NA,266.631068809855,26.8955,6961.86666666667,2455,6731.33333333333,11476.8666666667
2013-07-01,NA,NA,NA,NA,NA,NA,NA,NA,NA,NA,NA,217.1216913603,12.61993548,5903.09677419355,1757.93548387097,4731.51612903226,7770.64516129032
2013-08-01,NA,NA,NA,NA,NA,NA,NA,NA,NA,NA,NA,174.340883641073,10.00893548,3885.74193548387,1579.87419276084,3801.41935483871,5006.74193548387
2013-09-01,NA,NA,NA,NA,NA,NA,NA,NA,NA,NA,NA,131.92764848418,10.4593,3350.4,1481.97333170573,3599.56666666667,4855.73333333333
2013-10-01,NA,NA,NA,NA,NA,NA,NA,NA,NA,NA,NA,126.371456438782,11.44080645,4337.61290322581,2519.64516129032,5692.41935483871,5891.8064516129
2013-11-01,NA,NA,NA,NA,NA,NA,NA,NA,NA,NA,NA,165.655759026658,33.35926667,2753.86666666667,3155.63333333333,9118.86666666667,10798
2013-12-01,NA,NA,NA,NA,NA,NA,NA,NA,NA,NA,NA,457.71879282738,89.52206452,4299.74193548387,3299.41935483871,10817.5161290323,12704.1935483871
2014-01-01,NA,NA,NA,NA,NA,NA,NA,NA,NA,NA,NA,2119.76215,206.7237742,5939.67741935484,3886.03225806452,15186.0322580645,14691.6129032258
2014-02-01,NA,NA,NA,NA,NA,NA,NA,NA,NA,NA,NA,908.251923539986,209.0648214,5326.71428571429,4509.42857142857,19117.8571428571,16816.4285714286
2014-03-01,NA,NA,NA,NA,NA,NA,NA,NA,NA,NA,NA,522.274835210787,158.3189677,8764.48387096774,5905.03225806452,17849.0322580645,18610.9677419355
2014-04-01,NA,NA,NA,NA,NA,NA,NA,NA,NA,NA,NA,303.392086759553,152.9830333,6315.5,4221.66666666667,NA,19212
2014-05-01,NA,NA,NA,NA,NA,NA,NA,NA,NA,NA,NA,162.267606410415,67.88735484,7023.09677419355,3623.22580645161,11784.0322580645,18118.064516129
2014-06-01,NA,NA,NA,NA,NA,NA,NA,NA,NA,NA,NA,103.507966601785,28.68433333,6139.46666666667,2111.33333333333,6587.23333333333,13374.8333333333
2014-07-01,NA,NA,NA,NA,NA,NA,NA,NA,NA,NA,NA,98.3789316000215,14.51951613,5569,1628.25806451613,5163.87096774194,7575.48387096774
2014-08-01,NA,NA,NA,NA,NA,NA,NA,NA,NA,NA,NA,95.2040429799257,10.95345161,4291.77419354839,1498.48064594884,4273.29032258064,5466.09677419355
2014-09-01,NA,NA,NA,NA,NA,NA,NA,NA,NA,NA,NA,112.105277898646,12.1008,3037.16666666667,1869.36666666667,4359.6,4456.83333333333
2014-10-01,NA,NA,NA,NA,NA,NA,NA,NA,NA,NA,NA,128.192853792469,16.93696774,3932.93548387097,2253.35483870968,5141.09677419355,6423.22580645161
2014-11-01,NA,NA,NA,NA,NA,NA,NA,NA,NA,NA,NA,95.729363964246,13.30346667,3843.93333333333,2747.86666666667,9444.2,9914.66666666667
2014-12-01,NA,NA,NA,NA,NA,NA,NA,NA,NA,NA,NA,147.1932575,28.89132258,5284.09677419355,4081.87096774194,12526.7419354839,14248.064516129
2015-01-01,NA,NA,NA,NA,NA,NA,NA,NA,NA,NA,NA,375.11171,68.84422581,7310.09677419355,5694.70967741936,16673.2258064516,16714.5161290323
2015-02-01,NA,NA,NA,NA,NA,NA,NA,NA,NA,NA,NA,737.3493525,196.5251786,7212.82142857143,5942.92857142857,19480,18462.5
2015-03-01,NA,NA,NA,NA,NA,NA,NA,NA,NA,NA,NA,1285.79875,127.4055161,8157.29032258064,NA,20585.8064516129,19979.6774193548
2015-04-01,NA,NA,NA,NA,NA,NA,NA,NA,NA,NA,NA,997.164375,63.1193,8940.76666666667,5329.76666666667,17126.3333333333,20687
2015-05-01,NA,NA,NA,NA,NA,NA,NA,NA,NA,NA,NA,407.624105542768,22.39280645,7463.35483870968,4271.77419354839,12863.4516129032,19638.7096774194
2015-06-01,NA,NA,NA,NA,NA,NA,NA,NA,NA,NA,NA,323.619120085912,12.60166667,7416.26666666667,2421.36666666667,8637.5,15678.6666666667
2015-07-01,NA,NA,NA,NA,NA,NA,NA,NA,NA,NA,NA,194.544916939218,10.42477419,6216.35483870968,1604.1935483871,5689.74193548387,9060.90322580645
2015-08-01,NA,NA,NA,NA,NA,NA,NA,NA,NA,NA,NA,163.12928132966,7.359677419,4050.16129032258,1441.91612981981,4109.77419354839,5960.38709677419
2015-09-01,NA,NA,NA,NA,NA,NA,NA,NA,NA,NA,NA,124.616715,10.2527,2939.56666666667,1096.07333374023,3730.33333333333,NA
2015-10-01,NA,NA,NA,NA,NA,NA,NA,NA,NA,NA,NA,118.67244,8.720612903,4064.35483870968,1515.74193548387,4325.58064516129,4926.09677419355
2015-11-01,NA,NA,NA,NA,NA,NA,NA,NA,NA,NA,NA,121.3961125,13.8137,3899.56666666667,1908.1,NA,9534.26666666667
2015-12-01,NA,NA,NA,NA,NA,NA,NA,NA,NA,NA,NA,119.6124,54.06835484,5260.54838709677,3733.16129032258,NA,12503.2258064516
2016-01-01,NA,NA,NA,NA,NA,NA,NA,NA,NA,NA,NA,NA,59.25819355,4005.48387096774,3427.16129032258,12040.4838709677,15007.4193548387
2016-02-01,NA,NA,NA,NA,NA,NA,NA,NA,NA,NA,NA,NA,36.69396429,6556.79310344828,4991.65517241379,16448.6206896552,15521.0344827586
2016-03-01,NA,NA,NA,NA,NA,NA,NA,NA,NA,NA,NA,NA,149.1217742,7116.06451612903,5045.25806451613,17716.1290322581,18129.3548387097
2016-04-01,NA,NA,NA,NA,NA,NA,NA,NA,NA,NA,NA,NA,107.3663333,7611.06666666667,4250.53333333333,NA,18671.6666666667
2016-05-01,NA,NA,NA,NA,NA,NA,NA,NA,NA,NA,NA,NA,40.02125806,6620.74193548387,2461.41935483871,NA,14496.4516129032
2016-06-01,NA,NA,NA,NA,NA,NA,NA,NA,NA,NA,NA,NA,17.9047,6968.36666666667,NA,5362,10181.2666666667
2016-07-01,NA,NA,NA,NA,NA,NA,NA,NA,NA,NA,NA,NA,9.518419355,4537.22580645161,1217.53225609564,3500.70967741935,4330.06451612903
2016-08-01,NA,NA,NA,NA,NA,NA,NA,NA,NA,NA,NA,NA,6.102967742,NA,NA,3049.16666666667,NA
2016-09-01,NA,NA,NA,NA,NA,NA,NA,NA,NA,NA,NA,NA,11.24653333,3534.41935483871,NA,NA,3364.74193548387
2016-10-01,NA,NA,NA,NA,NA,NA,NA,NA,NA,NA,NA,NA,10.23377419,3748.93333333333,1336.7900004069,NA,3138.8
2016-11-01,NA,NA,NA,NA,NA,NA,NA,NA,NA,NA,NA,NA,9.265733333,3284.16129032258,2148.54838709677,NA,5148.70967741936
2016-12-01,NA,NA,NA,NA,NA,NA,NA,NA,NA,NA,NA,NA,14.55919355,2909.36666666667,1687.23333333333,NA,6433.4
